--Inserindo dados na tabela TCURSO
INSERT INTO TCURSO VALUES(1, 'ORACLE SQL PL/SQL', 500, 25);
INSERT INTO TCURSO VALUES(2, 'ORACLE DBA', 499, 25);
INSERT INTO TCURSO VALUES(3, 'JAVA FUNDAMENTOS E OO', 1500, 100);
INSERT INTO TCURSO VALUES(4, 'JAVASERVER FACES', 1600, 100);

--Criando uma tabela de contrato
CREATE TABLE TCONTRATO
(
 COD_CONTRATO INTEGER NOT NULL PRIMARY KEY,
 DATA DATE,
 COD_ALUNO INTEGER,
 TOTAL NUMBER(8,2),
 DESCONTO NUMBER (5,2)
)

--Inserindo dados na tabela TCONTRATO
INSERT INTO TCONTRATO VALUES (1, SYSDATE, 1, 500, 10);
INSERT INTO TCONTRATO VALUES (2, SYSDATE, 2, 500, 10);
INSERT INTO TCONTRATO VALUES (3, SYSDATE, 3, 1500, 10);
INSERT INTO TCONTRATO VALUES (4, SYSDATE-5, 2, 1600, 10);
INSERT INTO TCONTRATO VALUES (5, SYSDATE-4, 5, 800, 10);
INSERT INTO TCONTRATO VALUES (6, SYSDATE-3, 5, 445, 0);
INSERT INTO TCONTRATO VALUES (7, SYSDATE-2, 5, 445, 20);

--Inserir coluna na tabela
ALTER TABLE TCONTRATO ADD TESTE VARCHAR(50);

--Excluir coluna da tabela
ALTER TABLE TCONTRATO DROP COLUMN TESTE;

--Alterar o nome da coluna
ALTER TABLE TCONTRATO RENAME COLUMN TOTAL TO TOTALIZADOR;
ALTER TABLE TCONTRATO RENAME COLUMN TOTALIZADOR TO TOTAL;

--Sequence
CREATE SEQUENCE SEQ_ALUNO START WITH 4;

INSERT INTO TALUNO VALUES(SEQ_ALUNO.NEXTVAL, 'PAULA', 'ARAGUARI', '44444444')
INSERT INTO TALUNO VALUES(SEQ_ALUNO.NEXTVAL, 'ANDRE', 'TUPACIGUARA', '55555555')

--Excluir Registros


--Apaga todos os registros da tabela
DELETE FROM TALUNO;

--Apaga os registros relecionados
DELETE FROM TALUNO
WHERE COD_ALUNO = 5;

--Filtra registros
SELECT * FROM TALUNO
WHERE NOME = 'PAULA'


SELECT * FROM TALUNO;


CREATE TABLE TITEM
(
 COD_ITEM INTEGER NOT NULL PRIMARY KEY,
 COD_CURSO INTEGER,
 COD_CONTRATO INTEGER,
 VALOR NUMBER (8,2)
);

SELECT * FROM TITEM;

INSERT INTO TITEM VALUES(1, 1, 1, 500);
INSERT INTO TITEM VALUES(2, 1, 2, 500);
INSERT INTO TITEM VALUES(3, 3, 3, 1500);
INSERT INTO TITEM VALUES(4, 4, 4, 1500);
INSERT INTO TITEM VALUES(5, 1, 5, 500);
INSERT INTO TITEM VALUES(6, 1, 6, 500);
INSERT INTO TITEM VALUES(7, 2, 6, 500);
INSERT INTO TITEM VALUES(8, 3, 7, 500);

--Alterar registro da tabela
UPDATE TCONTRATO SET
  DESCONTO = 18
WHERE COD_CONTRATO = 2;

UPDATE TCONTRATO SET
  DESCONTO = 20              ,
  DATA     = SYSDATE - 365     ,
  TOTAL    = 750
WHERE COD_CONTRATO = 2;


SELECT * FROM TCONTRATO
WHERE COD_CONTRATO = 2;
































